data_pl,data_utc,instrument,strona,strategia,score,entry,sl,tp1,tp2,tp3,swieca,powody,tv,spot_delta
29.06.2026 20:32,2026-06-29T18:32:38.694209+00:00,XAGUSD (srebro),LONG,Silver Bullet,3,58.71500015258789,58.30892930712019,59.527141843523296,59.933212688991,60.3392835344587,2026-06-29T14:05:00-04:00,killzone; swiezy FVG byczy; trend up,,
29.06.2026 20:32,2026-06-29T18:32:40.525099+00:00,EURUSD,LONG,Silver Bullet,3,1.1431183815002441,1.142390834433692,1.1445734756333485,1.1453010226999008,1.146028569766453,2026-06-29T19:15:00+01:00,killzone; swiezy FVG byczy; trend up,,
29.06.2026 20:42,2026-06-29T18:42:49.119119+00:00,US100 (Nasdaq),LONG,Silver Bullet,3,29753.4140625,28987.72049386161,31284.801199776783,32050.494768415174,32816.188337053565,2026-06-29T14:35:00-04:00,killzone; swiezy FVG byczy; trend up,,
29.06.2026 20:47,2026-06-29T18:47:52.163203+00:00,XAUUSD (zloto),SHORT,Silver Bullet,3,4035.10009765625,4048.085667201451,4009.128958565848,3996.1433890206467,3983.1578194754456,2026-06-29T14:30:00-04:00,killzone; swiezy FVG nizdwiedzi; trend down,,
29.06.2026 21:03,2026-06-29T19:03:03.890386+00:00,US100 (Nasdaq),LONG,Silver Bullet,3,29768.88671875,28988.800432477678,31329.059291294645,32109.145577566967,32889.23186383929,2026-06-29T14:45:00-04:00,killzone; swiezy FVG byczy; trend up,,
29.06.2026 21:08,2026-06-29T19:08:07.068555+00:00,XAUUSD (zloto),SHORT,Silver Bullet,3,4032.0,4041.317862374442,4013.364275251116,4004.046412876674,3994.728550502232,2026-06-29T14:50:00-04:00,killzone; swiezy FVG nizdwiedzi; trend down,,
29.06.2026 21:13,2026-06-29T19:13:13.033053+00:00,XAGUSD (srebro),SHORT,Silver Bullet,3,58.6349983215332,58.88303593226841,58.13892310006278,57.89088548932757,57.64284787859236,2026-06-29T14:55:00-04:00,killzone; swiezy FVG nizdwiedzi; trend down,,
29.06.2026 21:28,2026-06-29T19:28:22.294746+00:00,XAUUSD (zloto),SHORT,Silver Bullet,3,4024.300048828125,4041.5214320591517,3989.8572823660716,3972.635899135045,3955.414515904018,2026-06-29T15:00:00-04:00,killzone; swiezy FVG nizdwiedzi; trend down,,
29.06.2026 21:33,2026-06-29T19:33:27.820797+00:00,XAGUSD (srebro),SHORT,Silver Bullet,3,58.57500076293945,58.88125010899135,57.962502070835654,57.656252724783755,57.350003378731856,2026-06-29T15:00:00-04:00,killzone; swiezy FVG nizdwiedzi; trend down,,
30.06.2026 16:09,2026-06-30T14:09:54.916167+00:00,EURUSD,SHORT,Silver Bullet,3,1.1398608684539795,1.1410592113222395,1.1374641827174594,1.1362658398491994,1.1350674969809393,2026-06-30T15:00:00+01:00,killzone; swiezy FVG nizdwiedzi; trend down,,
30.06.2026 16:25,2026-06-30T14:25:07.589984+00:00,XAUUSD (zloto),LONG,Silver Bullet,3,4058.0,4022.485674176897,4129.028651646206,4164.542977469308,4200.057303292411,2026-06-30T10:10:00-04:00,killzone; swiezy FVG byczy; trend up,,
30.06.2026 16:25,2026-06-30T14:25:09.204486+00:00,XAGUSD (srebro),LONG,Silver Bullet,3,60.255001068115234,59.09642669132778,62.57214982169015,63.7307241984776,64.88929857526506,2026-06-30T10:10:00-04:00,killzone; swiezy FVG byczy; trend up,,
30.06.2026 16:30,2026-06-30T14:30:13.787395+00:00,EURUSD,LONG,Silver Bullet,3,1.1416828632354736,1.1394198962620325,1.1462087971823558,1.1484717641557969,1.150734731129238,2026-06-30T15:25:00+01:00,killzone; swiezy FVG byczy; trend up,,
30.06.2026 16:30,2026-06-30T14:30:15.392154+00:00,US100 (Nasdaq),LONG,Silver Bullet,3,30132.154296875,29660.914620535714,31074.633649553572,31545.87332589286,32017.113002232145,2026-06-30T10:25:00-04:00,killzone; swiezy FVG byczy; trend up,,
30.06.2026 16:45,2026-06-30T14:45:19.857915+00:00,XAUUSD (zloto),LONG,Silver Bullet,3,4068.800048828125,4022.1178152901784,4162.164515904018,4208.846749441965,4255.528982979911,2026-06-30T10:25:00-04:00,killzone; swiezy FVG byczy; trend up,,
30.06.2026 16:45,2026-06-30T14:45:21.530682+00:00,XAGUSD (srebro),LONG,Silver Bullet,3,60.54499816894531,59.09553377968924,63.443926947457456,64.89339133671353,66.3428557259696,2026-06-30T10:25:00-04:00,killzone; swiezy FVG byczy; trend up,,
30.06.2026 16:50,2026-06-30T14:50:25.190286+00:00,EURUSD,LONG,Silver Bullet,3,1.1419435739517212,1.139387207371848,1.1470563071114674,1.1496126736913406,1.1521690402712137,2026-06-30T15:45:00+01:00,killzone; swiezy FVG byczy; trend up,,
30.06.2026 17:10,2026-06-30T15:10:40.096572+00:00,EURUSD,LONG,Silver Bullet,3,1.1436413526535034,1.139326504298619,1.1522710493632724,1.156585897718157,1.1609007460730414,2026-06-30T15:55:00+01:00,killzone; swiezy FVG byczy; trend up,,
30.06.2026 20:10,2026-06-30T18:10:13.550109+00:00,EURUSD,LONG,Silver Bullet,3,1.142987847328186,1.1415850136961256,1.1457935145923068,1.1471963482243672,1.1485991818564276,2026-06-30T19:05:00+01:00,killzone; swiezy FVG byczy; trend up,,
30.06.2026 20:20,2026-06-30T18:20:22.662915+00:00,XAUUSD (zloto),LONG,Silver Bullet,3,4047.699951171875,4033.2320382254466,4076.635777064732,4091.1036900111603,4105.571602957589,2026-06-30T14:05:00-04:00,killzone; swiezy FVG byczy; trend up,,
30.06.2026 20:30,2026-06-30T18:30:32.837049+00:00,EURUSD,LONG,Silver Bullet,3,1.142987847328186,1.1415943162781852,1.1457749094281877,1.1471684404781886,1.1485619715281894,2026-06-30T19:10:00+01:00,killzone; swiezy FVG byczy; trend up,,
30.06.2026 20:50,2026-06-30T18:50:52.679189+00:00,US100 (Nasdaq),LONG,Silver Bullet,3,30292.982421875,30216.515066964286,30445.917131696428,30522.38448660714,30598.851841517855,2026-06-30T14:45:00-04:00,killzone; swiezy FVG byczy; trend up,,
30.06.2026 20:55,2026-06-30T18:55:57.020918+00:00,XAGUSD (srebro),LONG,Silver Bullet,3,60.21500015258789,59.770001547677175,61.10499736240932,61.54999596732004,61.99499457223075,2026-06-30T14:40:00-04:00,killzone; swiezy FVG byczy; trend up,,
30.06.2026 21:16,2026-06-30T19:16:13.384977+00:00,XAGUSD (srebro),LONG,Silver Bullet,3,60.290000915527344,59.76946585518973,61.33107103620257,61.85160609654019,62.3721411568778,2026-06-30T14:50:00-04:00,killzone; swiezy FVG byczy; trend up,,
01.07.2026 20:16,2026-07-01T18:16:11.241273+00:00,EURUSD,SHORT,Silver Bullet,3,1.1381744146347046,1.1390447190829687,1.1364338057381764,1.1355635012899123,1.1346931968416483,2026-07-01T19:10:00+01:00,killzone; swiezy FVG nizdwiedzi; trend down,,
01.07.2026 20:36,2026-07-01T18:36:31.951046+00:00,EURUSD,SHORT,Silver Bullet,3,1.1379153728485107,1.1390447063105447,1.135656705924443,1.134527372462409,1.133398039000375,2026-07-01T19:20:00+01:00,killzone; swiezy FVG nizdwiedzi; trend down,,
01.07.2026 21:07,2026-07-01T19:07:03.814159+00:00,US100 (Nasdaq),LONG,Liquidity Sweep,3,29910.9375,29848.28641183036,30036.239676339283,30098.890764508924,30161.541852678565,2026-07-01T15:00:00-04:00,zebrano plynnosc (dol); odrzucenie,,
02.07.2026 16:19,2026-07-02T14:19:13.884222+00:00,EURUSD,LONG,Silver Bullet,3,1.1461317539215088,1.14412693466459,1.1501413924353465,1.1521462116922654,1.1541510309491843,2026-07-02T15:10:00+01:00,killzone; swiezy FVG byczy; trend up,,
02.07.2026 16:34,2026-07-02T14:34:29.786302+00:00,US100 (Nasdaq),SHORT,Silver Bullet,3,29697.337890625,30089.80887276786,28912.395926339283,28519.924944196424,28127.453962053565,2026-07-02T10:25:00-04:00,killzone; swiezy FVG nizdwiedzi; trend down,,
02.07.2026 16:54,2026-07-02T14:54:50.335851+00:00,US100 (Nasdaq),SHORT,Silver Bullet,3,29570.888671875,30093.093610491072,28526.478794642855,28004.273856026783,27482.06891741071,2026-07-02T10:45:00-04:00,killzone; swiezy FVG nizdwiedzi; trend down,,
02.07.2026 16:59,2026-07-02T14:59:56.160185+00:00,EURUSD,LONG,Silver Bullet,3,1.144426703453064,1.144169147525515,1.144941815308162,1.1451993712357111,1.1454569271632602,2026-07-02T15:50:00+01:00,killzone; swiezy FVG byczy; trend up,,
02.07.2026 17:10,2026-07-02T15:10:02.572547+00:00,XAUUSD (zloto),LONG,Silver Bullet,3,4137.10009765625,4122.789306640625,4165.7216796875,4180.032470703125,4194.34326171875,2026-07-02T10:50:00-04:00,killzone; swiezy FVG byczy; trend up,,
02.07.2026 17:20,2026-07-02T15:20:11.555134+00:00,EURUSD,LONG,Silver Bullet,3,1.144688606262207,1.1441785309995924,1.1457087567874362,1.1462188320500508,1.1467289073126654,2026-07-02T15:55:00+01:00,killzone; swiezy FVG byczy; trend up,,
02.07.2026 17:30,2026-07-02T15:30:19.384059+00:00,XAUUSD (zloto),LONG,Silver Bullet,3,4141.89990234375,4122.921439034598,4179.856828962054,4198.8352922712065,4217.813755580359,2026-07-02T10:55:00-04:00,killzone; swiezy FVG byczy; trend up,,
02.07.2026 20:15,2026-07-02T18:15:06.204365+00:00,EURUSD,LONG,Silver Bullet,3,1.1437721252441406,1.143132392849241,1.14505159003394,1.1456913224288396,1.1463310548237393,2026-07-02T19:05:00+01:00,killzone; swiezy FVG byczy; trend up,,
02.07.2026 20:20,2026-07-02T18:20:11.534742+00:00,XAUUSD (zloto),LONG,Silver Bullet,4,4135.2998046875,4110.378522600447,4185.142368861607,4210.06365094866,4234.984933035714,2026-07-02T14:05:00-04:00,killzone; swiezy FVG byczy; trend up,,
02.07.2026 20:20,2026-07-02T18:20:13.051087+00:00,XAGUSD (srebro),LONG,Silver Bullet,3,61.27000045776367,60.84392942701067,62.12214251926967,62.54821355002267,62.974284580775674,2026-07-02T14:05:00-04:00,killzone; swiezy FVG byczy; trend up,,
02.07.2026 20:35,2026-07-02T18:35:21.841138+00:00,EURUSD,LONG,Silver Bullet,3,1.1440337896347046,1.1431277351719993,1.1458458985601152,1.1467519530228205,1.1476580074855258,2026-07-02T19:30:00+01:00,killzone; swiezy FVG byczy; trend up,,
02.07.2026 20:40,2026-07-02T18:40:26.078525+00:00,XAUUSD (zloto),LONG,Silver Bullet,3,4131.89990234375,4110.371390206473,4174.956926618304,4196.4854387555815,4218.013950892859,2026-07-02T14:10:00-04:00,killzone; swiezy FVG byczy; trend up,,
02.07.2026 20:45,2026-07-02T18:45:31.474896+00:00,XAGUSD (srebro),LONG,Silver Bullet,3,61.375,60.849286624363494,62.42642675127301,62.95214012690952,63.477853502546026,2026-07-02T14:30:00-04:00,killzone; swiezy FVG byczy; trend up,,
02.07.2026 20:55,2026-07-02T18:55:37.629591+00:00,EURUSD,LONG,Silver Bullet,3,1.1439030170440674,1.143132405621665,1.1454442398888722,1.1462148513112747,1.146985462733677,2026-07-02T19:35:00+01:00,killzone; swiezy FVG byczy; trend up,,
02.07.2026 21:00,2026-07-02T19:00:41.761766+00:00,XAUUSD (zloto),LONG,Silver Bullet,3,4138.0,4116.100010463169,4181.799979073661,4203.699968610492,4225.5999581473225,2026-07-02T14:35:00-04:00,killzone; swiezy FVG byczy; trend up,,
02.07.2026 21:05,2026-07-02T19:05:45.992450+00:00,XAGUSD (srebro),LONG,Silver Bullet,3,61.380001068115234,60.85053661891392,62.43892996651786,62.968394415719175,63.49785886492049,2026-07-02T14:35:00-04:00,killzone; swiezy FVG byczy; trend up,,
06.07.2026 20:11,2026-07-06T18:11:37.045668+00:00,US100 (Nasdaq),LONG,Silver Bullet,3,29718.265625,29626.62353515625,29901.5498046875,29993.19189453125,30084.833984375,2026-07-06T14:05:00-04:00,killzone; swiezy FVG byczy; trend up,SELL (4/13/9),
06.07.2026 20:31,2026-07-06T18:31:57.996965+00:00,XAUUSD (zloto),LONG,Silver Bullet,3,4173.0,4157.525146484375,4203.94970703125,4219.424560546875,4234.8994140625,2026-07-06T14:15:00-04:00,killzone; swiezy FVG byczy; trend up,BUY (14/3/9),
06.07.2026 20:31,2026-07-06T18:31:59.625741+00:00,XAGUSD (srebro),LONG,Silver Bullet,3,62.814998626708984,62.02107157026018,64.40285273960659,65.19677979605538,65.99070685250419,2026-07-06T14:15:00-04:00,killzone; swiezy FVG byczy; trend up,BUY (15/5/6),
06.07.2026 20:32,2026-07-06T18:32:02.448185+00:00,US100 (Nasdaq),LONG,Silver Bullet,3,29749.380859375,29626.879464285714,29994.383649553572,30116.88504464286,30239.386439732145,2026-07-06T14:20:00-04:00,killzone; swiezy FVG byczy; trend up,BUY (15/2/9),
07.07.2026 09:22,2026-07-07T07:22:33.753069+00:00,XAUUSD (zloto),SHORT,Silver Bullet,3,4137.89990234375,4160.578648158482,4092.5424107142862,4069.8636648995544,4047.1849190848225,2026-07-07T03:05:00-04:00,killzone; swiezy FVG nizdwiedzi; trend down,BUY (11/5/10),-8.03510
07.07.2026 09:22,2026-07-07T07:22:35.354469+00:00,XAGUSD (srebro),SHORT,Silver Bullet,3,61.40999984741211,62.08964320591518,60.05071313040597,59.371069771902896,58.691426413399824,2026-07-07T03:05:00-04:00,killzone; swiezy FVG nizdwiedzi; trend down,BUY (10/6/10),-0.40750
07.07.2026 10:08,2026-07-07T08:08:18.107039+00:00,XAGUSD (srebro),SHORT,Silver Bullet,3,61.31999969482422,61.75714465550014,60.44570977347237,60.00856481279645,59.57141985212053,2026-07-07T03:50:00-04:00,killzone; swiezy FVG nizdwiedzi; trend down,NEUTRAL (7/9/10),-0.34360
07.07.2026 16:21,2026-07-07T14:21:07.990767+00:00,US100 (Nasdaq),SHORT,Silver Bullet,3,29125.49609375,29856.306989397322,27663.874302455355,26933.063406808033,26202.25251116071,2026-07-07T10:15:00-04:00,killzone; swiezy FVG nizdwiedzi; trend down,SELL (5/14/7),99.47059
07.07.2026 16:41,2026-07-07T14:41:27.814891+00:00,XAGUSD (srebro),SHORT,Silver Bullet,3,61.48500061035156,62.43053422655378,59.593933377947124,58.648399761744905,57.702866145542686,2026-07-07T10:25:00-04:00,killzone; swiezy FVG nizdwiedzi; trend down,SELL (3/14/9),-0.73360
07.07.2026 16:46,2026-07-07T14:46:36.630613+00:00,US100 (Nasdaq),SHORT,Silver Bullet,3,28996.98828125,29846.082380022322,27298.800083705355,26449.705984933033,25600.61188616071,2026-07-07T10:40:00-04:00,killzone; swiezy FVG nizdwiedzi; trend down,SELL (3/15/8),41.07450
07.07.2026 17:02,2026-07-07T15:02:12.795762+00:00,XAUUSD (zloto),LONG,Silver Bullet,3,4167.39990234375,4167.067679268973,4168.064348493304,4168.3965715680815,4168.728794642859,2026-07-07T10:45:00-04:00,killzone; swiezy FVG byczy; trend up,SELL (6/10/10),-11.44000
07.07.2026 20:21,2026-07-07T18:21:15.303691+00:00,XAGUSD (srebro),SHORT,Silver Bullet,3,61.334999084472656,61.547144072396414,60.91070910862514,60.698564120701384,60.48641913277763,2026-07-07T14:05:00-04:00,killzone; swiezy FVG nizdwiedzi; trend down,BUY (11/6/9),-0.37980
07.07.2026 20:36,2026-07-07T18:36:32.039574+00:00,US100 (Nasdaq),SHORT,Silver Bullet,3,29270.916015625,29352.57198660714,29107.604073660717,29025.948102678576,28944.292131696435,2026-07-07T14:30:00-04:00,killzone; swiezy FVG nizdwiedzi; trend down,SELL (7/10/9),50.46172
07.07.2026 20:46,2026-07-07T18:46:41.015377+00:00,XAGUSD (srebro),SHORT,Silver Bullet,3,61.2400016784668,61.54535838535854,60.62928826468331,60.32393155779157,60.018574850899824,2026-07-07T14:30:00-04:00,killzone; swiezy FVG nizdwiedzi; trend down,SELL (2/15/9),-0.39450
07.07.2026 20:56,2026-07-07T18:56:51.321153+00:00,US100 (Nasdaq),SHORT,Silver Bullet,3,29180.203125,29355.524762834822,28829.559849330355,28654.238211495533,28478.91657366071,2026-07-07T14:50:00-04:00,killzone; swiezy FVG nizdwiedzi; trend down,SELL (2/15/9),78.45695
07.07.2026 21:06,2026-07-07T19:06:58.150765+00:00,XAUUSD (zloto),SHORT,Silver Bullet,3,4138.10009765625,4161.7747802734375,4090.750732421875,4067.0760498046875,4043.4013671875,2026-07-07T14:50:00-04:00,killzone; swiezy FVG nizdwiedzi; trend down,SELL (2/15/9),-21.12000
07.07.2026 21:06,2026-07-07T19:06:59.800726+00:00,XAGUSD (srebro),SHORT,Silver Bullet,3,60.88999938964844,61.562322752816335,59.54535266331264,58.873029300144744,58.200705936976846,2026-07-07T14:50:00-04:00,killzone; swiezy FVG nizdwiedzi; trend down,SELL (2/15/9),-0.69850
08.07.2026 09:22,2026-07-08T07:22:29.115256+00:00,XAUUSD (zloto),SHORT,Silver Bullet,3,4131.60009765625,4146.650198800223,4101.499895368304,4086.4497942243315,4071.3996930803587,2026-07-08T03:05:00-04:00,killzone; swiezy FVG nizdwiedzi; trend down,SELL (3/14/9),-14.04490
08.07.2026 10:13,2026-07-08T08:13:27.851514+00:00,XAUUSD (zloto),SHORT,Silver Bullet,3,4132.0,4146.953752790178,4102.092494419643,4087.1387416294647,4072.1849888392862,2026-07-08T03:55:00-04:00,killzone; swiezy FVG nizdwiedzi; trend down,SELL (1/15/10),-12.17000
08.07.2026 16:21,2026-07-08T14:21:20.305074+00:00,US100 (Nasdaq),SHORT,Silver Bullet,3,29055.32421875,29213.742745535714,28738.487165178572,28580.06863839286,28421.650111607145,2026-07-08T10:15:00-04:00,killzone; swiezy FVG nizdwiedzi; trend down,SELL (4/12/10),30.62159
08.07.2026 16:51,2026-07-08T14:51:48.699149+00:00,XAUUSD (zloto),SHORT,Silver Bullet,3,4053.89990234375,4095.9499860491073,3969.7997349330353,3927.749651227678,3885.6995675223206,2026-07-08T10:35:00-04:00,killzone; swiezy FVG nizdwiedzi; trend down,SELL (6/14/6),-17.47995
08.07.2026 16:51,2026-07-08T14:51:50.523226+00:00,XAGUSD (srebro),SHORT,Silver Bullet,3,58.255001068115234,59.21357250213623,56.33785820007324,55.379286766052246,54.42071533203125,2026-07-08T10:35:00-04:00,killzone; swiezy FVG nizdwiedzi; trend down,SELL (6/14/6),-0.56570
08.07.2026 16:51,2026-07-08T14:51:53.480217+00:00,US100 (Nasdaq),SHORT,Silver Bullet,3,28954.638671875,29217.040876116072,28429.834263392855,28167.432059151783,27905.02985491071,2026-07-08T10:45:00-04:00,killzone; swiezy FVG nizdwiedzi; trend down,SELL (2/15/9),78.10274
08.07.2026 20:36,2026-07-08T18:36:44.575226+00:00,US100 (Nasdaq),SHORT,Silver Bullet,3,29133.494140625,29247.223214285714,28906.035993303572,28792.30691964286,28678.577845982145,2026-07-08T14:30:00-04:00,killzone; swiezy FVG nizdwiedzi; trend down,BUY (12/5/9),21.24421
09.07.2026 09:17,2026-07-09T07:17:25.609281+00:00,XAUUSD (zloto),LONG,Silver Bullet,3,4115.7998046875,4070.6500331333705,4206.099347795759,4251.249119349888,4296.398890904018,2026-07-09T03:00:00-04:00,killzone; swiezy FVG byczy; trend up,BUY (12/4/10),-9.85500
10.07.2026 09:38,2026-07-10T07:38:32.636454+00:00,XAGUSD (srebro),LONG,Silver Bullet,3,60.529998779296875,60.24803679330008,61.093922751290464,61.37588473728726,61.65784672328405,2026-07-10T03:20:00-04:00,killzone; swiezy FVG byczy; trend up,SELL (2/15/9),-0.49440
10.07.2026 10:03,2026-07-10T08:03:56.786025+00:00,XAUUSD (zloto),SHORT,Silver Bullet,3,4113.89990234375,4126.192766462053,4089.314174107143,4077.0213099888397,4064.7284458705362,2026-07-10T03:45:00-04:00,killzone; swiezy FVG nizdwiedzi; trend down,STRONG_SELL (0/16/10),-11.60000
10.07.2026 16:52,2026-07-10T14:52:33.794852+00:00,XAUUSD (zloto),SHORT,Silver Bullet,3,4104.5,4118.753365652902,4075.9932686941956,4061.7399030412935,4047.4865373883913,2026-07-10T10:35:00-04:00,killzone; swiezy FVG nizdwiedzi; trend down,BUY (11/6/9),-3.38520
10.07.2026 16:52,2026-07-10T14:52:35.650865+00:00,XAGUSD (srebro),SHORT,Silver Bullet,3,59.97999954223633,60.403926849365234,59.132144927978516,58.70821762084961,58.2842903137207,2026-07-10T10:35:00-04:00,killzone; swiezy FVG nizdwiedzi; trend down,BUY (11/6/9),-0.36600
10.07.2026 17:17,2026-07-10T15:17:58.413437+00:00,XAUUSD (zloto),SHORT,Silver Bullet,3,4106.0,4123.178684779576,4071.6426304408487,4054.463945661273,4037.2852608816975,2026-07-10T11:00:00-04:00,killzone; swiezy FVG nizdwiedzi; trend down,BUY (12/4/10),-5.79980
10.07.2026 17:18,2026-07-10T15:18:00.378840+00:00,XAGUSD (srebro),SHORT,Silver Bullet,3,59.90999984741211,60.57178619929722,58.586427143641885,57.92464079175677,57.26285443987166,2026-07-10T11:00:00-04:00,killzone; swiezy FVG nizdwiedzi; trend down,BUY (13/3/10),-0.30790
10.07.2026 20:16,2026-07-10T18:16:44.831594+00:00,XAUUSD (zloto),SHORT,Silver Bullet,3,4111.7998046875,4117.04265485491,4101.314104352679,4096.071254185269,4090.8284040178587,2026-07-10T14:00:00-04:00,killzone; swiezy FVG nizdwiedzi; trend down,STRONG_SELL (1/17/8),-7.59980
10.07.2026 20:16,2026-07-10T18:16:46.573119+00:00,XAGUSD (srebro),SHORT,Silver Bullet,3,59.98500061035156,60.25857148851667,59.43785885402134,59.16428797585623,58.89071709769112,2026-07-10T14:00:00-04:00,killzone; swiezy FVG nizdwiedzi; trend down,STRONG_SELL (1/16/9),-0.40750
10.07.2026 20:57,2026-07-10T18:57:24.203326+00:00,XAUUSD (zloto),SHORT,Silver Bullet,3,4107.7001953125,4117.053362165178,4088.993861607143,4079.6406947544647,4070.2875279017862,2026-07-10T14:40:00-04:00,killzone; swiezy FVG nizdwiedzi; trend down,SELL (1/15/10),-6.61480
10.07.2026 20:57,2026-07-10T18:57:25.966293+00:00,XAGUSD (srebro),SHORT,Silver Bullet,3,59.959999084472656,60.25392859322684,59.37214006696429,59.07821055821011,58.78428104945593,2026-07-10T14:40:00-04:00,killzone; swiezy FVG nizdwiedzi; trend down,SELL (2/14/10),-0.41020
13.07.2026 16:22,2026-07-13T14:22:41.832922+00:00,XAUUSD (zloto),SHORT,Silver Bullet,3,4045.300048828125,4079.1428833007812,3977.6143798828125,3943.7715454101562,3909.9287109375,2026-07-13T10:05:00-04:00,killzone; swiezy FVG nizdwiedzi; trend down,STRONG_SELL (0/16/10),-33.84010
13.07.2026 16:22,2026-07-13T14:22:43.649881+00:00,XAGUSD (srebro),SHORT,Silver Bullet,3,58.45500183105469,59.191963468279155,56.98107855660575,56.244116919381284,55.507155282156816,2026-07-13T10:05:00-04:00,killzone; swiezy FVG nizdwiedzi; trend down,SELL (2/15/9),-0.68580
13.07.2026 16:42,2026-07-13T14:42:59.679340+00:00,XAUUSD (zloto),SHORT,Silver Bullet,3,4028.39990234375,4080.550022670201,3924.099661690848,3871.9495413643967,3819.7994210379456,2026-07-13T10:20:00-04:00,killzone; swiezy FVG nizdwiedzi; trend down,SELL (2/15/9),-11.95995
13.07.2026 16:53,2026-07-13T14:53:11.637387+00:00,XAGUSD (srebro),SHORT,Silver Bullet,3,58.16999816894531,59.2132135118757,56.083567483084536,55.04035214015415,53.99713679722376,2026-07-13T10:35:00-04:00,killzone; swiezy FVG nizdwiedzi; trend down,SELL (3/13/10),-0.13280
14.07.2026 16:17,2026-07-14T14:17:08.769127+00:00,US100 (Nasdaq),SHORT,Silver Bullet,3,29462.29296875,29638.511090959822,29109.856724330355,28933.638602120533,28757.42047991071,2026-07-14T10:10:00-04:00,killzone; swiezy FVG nizdwiedzi; trend down,BUY (13/5/8),141.47023
14.07.2026 20:58,2026-07-14T18:58:30.358657+00:00,XAUUSD (zloto),SHORT,Silver Bullet,3,4053.10009765625,4074.085675920759,4011.128941127232,3990.143362862723,3969.1577845982138,2026-07-14T14:40:00-04:00,killzone; swiezy FVG nizdwiedzi; trend down,SELL (5/12/9),-4.09995
14.07.2026 21:18,2026-07-14T19:18:50.160450+00:00,XAUUSD (zloto),LONG,Silver Bullet,3,4059.39990234375,4058.9965209960938,4060.2066650390625,4060.6100463867188,4061.013427734375,2026-07-14T15:00:00-04:00,killzone; swiezy FVG byczy; trend up,SELL (6/11/9),-3.93510
15.07.2026 09:36,2026-07-15T07:36:04.699690+00:00,XAGUSD (srebro),SHORT,Silver Bullet,3,58.494998931884766,58.960714885166716,57.563567025320864,57.097851072038914,56.63213511875696,2026-07-15T03:20:00-04:00,killzone; swiezy FVG nizdwiedzi; trend down,SELL (2/15/9),-0.40400
15.07.2026 09:41,2026-07-15T07:41:10.345741+00:00,XAUUSD (zloto),SHORT,Silver Bullet,3,4029.800048828125,4042.62508719308,4004.1499720982147,3991.3249337332595,3978.4998953683044,2026-07-15T03:25:00-04:00,killzone; swiezy FVG nizdwiedzi; trend down,SELL (4/15/7),-9.13010
15.07.2026 20:22,2026-07-15T18:22:03.270267+00:00,XAUUSD (zloto),LONG,Silver Bullet,3,4074.5,4030.253583635603,4162.992832728794,4207.239249093192,4251.485665457589,2026-07-15T14:05:00-04:00,killzone; swiezy FVG byczy; trend up,BUY (14/4/8),-5.49505
15.07.2026 20:42,2026-07-15T18:42:34.839381+00:00,XAUUSD (zloto),LONG,Silver Bullet,3,4078.10009765625,4030.307155064174,4173.685982840402,4221.478925432479,4269.271868024554,2026-07-15T14:20:00-04:00,killzone; swiezy FVG byczy; trend up,STRONG_BUY (15/1/10),-13.98510
16.07.2026 09:21,2026-07-16T07:21:54.368426+00:00,XAUUSD (zloto),SHORT,Silver Bullet,3,4034.39990234375,4043.221444266183,4016.756818498884,4007.935276576451,3999.113734654018,2026-07-16T03:05:00-04:00,killzone; swiezy FVG nizdwiedzi; trend down,SELL (3/14/9),-7.67505
16.07.2026 09:32,2026-07-16T07:32:08.970496+00:00,XAGUSD (srebro),SHORT,Silver Bullet,3,57.20000076293945,57.83125032697405,55.93750163487026,55.30625207083566,54.675002506801064,2026-07-16T03:15:00-04:00,killzone; swiezy FVG nizdwiedzi; trend down,SELL (2/15/9),-0.48600
16.07.2026 20:48,2026-07-16T18:48:15.754328+00:00,XAUUSD (zloto),SHORT,Silver Bullet,3,3983.699951171875,4003.6177716936386,3943.864310128348,3923.9464896065842,3904.0286690848206,2026-07-16T14:30:00-04:00,killzone; swiezy FVG nizdwiedzi; trend down,SELL (3/13/10),
16.07.2026 20:48,2026-07-16T18:48:17.524948+00:00,XAGUSD (srebro),SHORT,Silver Bullet,3,55.724998474121094,56.51464489528111,54.145705631801064,53.35605921064105,52.566412789481035,2026-07-16T14:30:00-04:00,killzone; swiezy FVG nizdwiedzi; trend down,SELL (2/14/10),-0.05110
17.07.2026 10:13,2026-07-17T08:13:30.388252+00:00,XAUUSD (zloto),SHORT,Silver Bullet,3,3997.0,4012.603524344308,3965.792951311384,3950.189426967076,3934.585902622768,2026-07-17T03:55:00-04:00,killzone; swiezy FVG nizdwiedzi; trend down,SELL (5/11/10),-7.33495
20.07.2026 09:30,2026-07-20T07:30:16.748614+00:00,XAUUSD (zloto),SHORT,Silver Bullet,3,4008.10009765625,4034.192792619978,3955.9147077287944,3929.8220127650666,3903.7293178013388,2026-07-20T03:15:00-04:00,killzone; swiezy FVG nizdwiedzi; trend down,SELL (4/13/9),
20.07.2026 09:40,2026-07-20T07:40:32.977608+00:00,XAGUSD (srebro),LONG,Silver Bullet,3,56.90999984741211,56.669284275599885,57.39143099103656,57.63214656284878,57.872862134661005,2026-07-20T03:25:00-04:00,killzone; swiezy FVG byczy; trend up,BUY (15/2/9),-0.08200
20.07.2026 09:50,2026-07-20T07:50:46.255099+00:00,XAUUSD (zloto),LONG,Silver Bullet,3,4021.300048828125,4004.6500069754466,4054.600132533482,4071.2501743861603,4087.9002162388388,2026-07-20T03:35:00-04:00,killzone; swiezy FVG byczy; trend up,BUY (14/5/7),-5.52000
20.07.2026 10:16,2026-07-20T08:16:23.956154+00:00,XAGUSD (srebro),LONG,Silver Bullet,3,57.38999938964844,56.567855426243376,59.03428731645856,59.85643127986362,60.67857524326868,2026-07-20T04:00:00-04:00,killzone; swiezy FVG byczy; trend up,BUY (14/4/8),-0.18400
20.07.2026 20:17,2026-07-20T18:17:47.884819+00:00,XAGUSD (srebro),LONG,Silver Bullet,3,57.05500030517578,56.79803616659982,57.5689285823277,57.82589272090366,58.08285685947962,2026-07-20T14:00:00-04:00,killzone; swiezy FVG byczy; trend up,NEUTRAL (8/8/10),-0.21700
21.07.2026 09:53,2026-07-21T07:53:19.688918+00:00,XAUUSD (zloto),LONG,Silver Bullet,3,4077.5,4046.4713396344864,4139.557320731027,4170.585981096541,4201.614641462054,2026-07-21T03:35:00-04:00,killzone; swiezy FVG byczy; trend up,BUY (10/7/9),-6.38000
21.07.2026 09:53,2026-07-21T07:53:21.639287+00:00,XAGUSD (srebro),LONG,Silver Bullet,3,59.33000183105469,57.95857184273856,62.07286180768695,63.44429179600308,64.81572178431921,2026-07-21T03:35:00-04:00,killzone; swiezy FVG byczy; trend up,BUY (14/2/10),-0.40100
21.07.2026 20:29,2026-07-21T18:29:14.724590+00:00,XAUUSD (zloto),LONG,Silver Bullet,3,4075.800048828125,4069.8821411132812,4087.6358642578125,4093.5537719726562,4099.4716796875,2026-07-21T14:10:00-04:00,killzone; swiezy FVG byczy; trend up,STRONG_BUY (18/1/7),6.72005
21.07.2026 20:45,2026-07-21T18:45:10.732750+00:00,XAGUSD (srebro),LONG,Silver Bullet,3,59.2400016784668,58.95606994628906,59.807865142822266,60.091796875,60.375728607177734,2026-07-21T14:25:00-04:00,killzone; swiezy FVG byczy; trend up,BUY (13/3/10),-0.39550
21.07.2026 21:15,2026-07-21T19:15:52.579426+00:00,XAUUSD (zloto),LONG,Silver Bullet,3,4088.89990234375,4069.2035696847097,4128.292567661831,4147.988900320871,4167.685232979911,2026-07-21T15:00:00-04:00,killzone; swiezy FVG byczy; trend up,BUY (15/2/9),-6.93510
22.07.2026 21:06,2026-07-22T19:06:26.217074+00:00,XAGUSD (srebro),LONG,Silver Bullet,3,60.26499938964844,60.04910727909633,60.69678361075265,60.91267572130475,61.128567831856856,2026-07-22T14:50:00-04:00,killzone; swiezy FVG byczy; trend up,SELL (6/10/10),-0.40050
23.07.2026 09:19,2026-07-23T07:19:57.411830+00:00,XAGUSD (srebro),SHORT,Silver Bullet,3,59.584999084472656,60.22981984274728,58.2953575679234,57.65053680964878,57.00571605137415,2026-07-23T03:00:00-04:00,killzone; swiezy FVG nizdwiedzi; trend down,SELL (4/14/8),-0.31900
23.07.2026 09:51,2026-07-23T07:51:03.817608+00:00,XAGUSD (srebro),SHORT,Silver Bullet,3,59.224998474121094,60.243034090314595,57.18892724173409,56.17089162554059,55.15285600934709,2026-07-23T03:35:00-04:00,killzone; swiezy FVG nizdwiedzi; trend down,SELL (5/14/7),-0.40380
23.07.2026 10:01,2026-07-23T08:01:15.826270+00:00,XAUUSD (zloto),SHORT,Silver Bullet,3,4096.10009765625,4136.178475516183,4015.943341936383,3975.8649640764497,3935.7865862165163,2026-07-23T03:45:00-04:00,killzone; swiezy FVG nizdwiedzi; trend down,SELL (4/14/8),-4.57480
23.07.2026 21:00,2026-07-23T19:00:11.309620+00:00,XAGUSD (srebro),SHORT,Silver Bullet,3,57.779998779296875,58.25285598209926,56.8342843736921,56.36142717088971,55.888569968087324,2026-07-23T14:40:00-04:00,killzone; swiezy FVG nizdwiedzi; trend down,NEUTRAL (7/10/9),-0.29400
24.07.2026 20:38,2026-07-24T18:38:38.193065+00:00,XAUUSD (zloto),SHORT,Silver Bullet,3,4059.89990234375,4074.2536185128347,4031.1924700055806,4016.838753836496,4002.4850376674112,2026-07-24T14:20:00-04:00,killzone; swiezy FVG nizdwiedzi; trend down,SELL (7/13/6),-3.32500
27.07.2026 09:22,2026-07-27T07:22:48.065952+00:00,XAGUSD (srebro),LONG,Silver Bullet,3,59.83000183105469,59.3569656099592,60.77607427324567,61.24911049434116,61.72214671543665,2026-07-27T03:05:00-04:00,killzone; swiezy FVG byczy; trend up,BUY (16/3/7),-0.16840
27.07.2026 09:38,2026-07-27T07:38:08.703741+00:00,XAUUSD (zloto),LONG,Silver Bullet,3,4106.60009765625,4084.8928571428573,4150.014578683035,4171.7218191964275,4193.429059709821,2026-07-27T03:20:00-04:00,killzone; swiezy FVG byczy; trend up,BUY (14/2/10),-4.20020
27.07.2026 09:43,2026-07-27T07:43:17.778006+00:00,XAGUSD (srebro),LONG,Silver Bullet,3,60.04499816894531,59.62803472791399,60.878925051007954,61.295888492039275,61.712851933070596,2026-07-27T03:20:00-04:00,killzone; swiezy FVG byczy; trend up,NEUTRAL (8/8/10),-0.42880
27.07.2026 20:35,2026-07-27T18:35:05.505218+00:00,XAUUSD (zloto),SHORT,Silver Bullet,3,4076.699951171875,4097.04638671875,4036.007080078125,4015.66064453125,3995.314208984375,2026-07-27T14:15:00-04:00,killzone; swiezy FVG nizdwiedzi; trend down,SELL (3/13/10),-2.16495
27.07.2026 20:35,2026-07-27T18:35:07.396106+00:00,XAGUSD (srebro),SHORT,Silver Bullet,3,58.60499954223633,58.841249329703196,58.13249996730259,57.896250179835725,57.66000039236886,2026-07-27T14:15:00-04:00,killzone; swiezy FVG nizdwiedzi; trend down,SELL (2/15/9),-0.31200
27.07.2026 20:55,2026-07-27T18:55:33.432744+00:00,XAUUSD (zloto),SHORT,Silver Bullet,3,4075.10009765625,4082.1000017438614,4061.100289481027,4054.1003853934158,4047.1004813058044,2026-07-27T14:35:00-04:00,killzone; swiezy FVG nizdwiedzi; trend down,NEUTRAL (8/9/9),
27.07.2026 20:55,2026-07-27T18:55:35.245604+00:00,XAGUSD (srebro),SHORT,Silver Bullet,3,58.529998779296875,58.83589199611119,57.91821234566825,57.61231912885394,57.30642591203963,2026-07-27T14:35:00-04:00,killzone; swiezy FVG nizdwiedzi; trend down,SELL (4/13/9),-0.22700
28.07.2026 09:49,2026-07-28T07:49:36.102619+00:00,XAGUSD (srebro),SHORT,Silver Bullet,3,57.595001220703125,57.83732237134661,57.11035891941616,56.86803776877267,56.62571661812919,2026-07-28T03:30:00-04:00,killzone; swiezy FVG nizdwiedzi; trend down,NEUTRAL (9/7/10),-0.26400
28.07.2026 20:40,2026-07-28T18:40:23.192724+00:00,XAUUSD (zloto),SHORT,Silver Bullet,3,4027.199951171875,4043.5106288364955,3994.578595842634,3978.2679181780136,3961.957240513393,2026-07-28T14:25:00-04:00,killzone; swiezy FVG nizdwiedzi; trend down,SELL (4/14/8),-3.34505
29.07.2026 09:44,2026-07-29T07:44:41.013898+00:00,XAGUSD (srebro),LONG,Silver Bullet,3,58.44499969482422,57.49089227403913,60.35321453639439,61.307321957179475,62.26142937796456,2026-07-29T03:25:00-04:00,killzone; swiezy FVG byczy; trend up,BUY (13/3/10),-0.25550
29.07.2026 09:54,2026-07-29T07:54:53.063330+00:00,XAUUSD (zloto),LONG,Silver Bullet,3,4104.89990234375,4015.985770089286,4282.728166852678,4371.642299107143,4460.556431361607,2026-07-29T03:35:00-04:00,killzone; swiezy FVG byczy; trend up,NEUTRAL (9/7/10),-61.66000
29.07.2026 21:06,2026-07-29T19:06:42.651727+00:00,XAUUSD (zloto),LONG,Silver Bullet,3,4165.2001953125,4086.5822230747767,4322.436139787947,4401.054112025669,4479.672084263393,2026-07-29T14:50:00-04:00,killzone; swiezy FVG byczy; trend up,BUY (15/3/8),-63.76520
29.07.2026 21:06,2026-07-29T19:06:44.391225+00:00,XAGUSD (srebro),LONG,Silver Bullet,3,59.30500030517578,57.70428453172956,62.50643185206822,64.10714762551444,65.70786339896065,2026-07-29T14:50:00-04:00,killzone; swiezy FVG byczy; trend up,BUY (15/2/9),-0.38340
30.07.2026 09:44,2026-07-30T07:44:27.821538+00:00,XAGUSD (srebro),SHORT,Silver Bullet,3,57.5099983215332,57.8360710144043,56.857852935791016,56.53178024291992,56.20570755004883,2026-07-30T03:25:00-04:00,killzone; swiezy FVG nizdwiedzi; trend down,SELL (4/12/10),-0.11790
30.07.2026 09:49,2026-07-30T07:49:37.304565+00:00,BRENT (ropa),LONG,Silver Bullet,3,92.69000244140625,89.07464163643974,99.92072405133928,103.53608485630579,107.1514456612723,2026-07-30T03:30:00-04:00,killzone; swiezy FVG byczy; trend up,,
30.07.2026 10:10,2026-07-30T08:10:10.505151+00:00,BRENT (ropa),LONG,Silver Bullet,3,92.72000122070312,91.8203593662807,94.51928492954798,95.4189267839704,96.31856863839283,2026-07-30T03:35:00-04:00,killzone; swiezy FVG byczy; trend up,,
30.07.2026 21:31,2026-07-30T19:31:59.354450+00:00,BRENT (ropa),SHORT,Silver Bullet,3,89.13999938964844,89.96249662126813,87.49500492640905,86.67250769478936,85.85001046316967,2026-07-30T14:20:00-04:00,killzone; swiezy FVG nizdwiedzi; trend down,,
31.07.2026 03:13,2026-07-31T01:13:52.934423+00:00,BRENT (ropa),SHORT,Silver Bullet,3,89.37000274658203,89.94392476763043,88.22215870448522,87.64823668343682,87.07431466238842,2026-07-30T20:45:00-04:00,killzone; swiezy FVG nizdwiedzi; trend down,,
31.07.2026 03:34,2026-07-31T01:34:31.059662+00:00,BRENT (ropa),SHORT,Silver Bullet,3,88.01000213623047,89.97892488752093,84.07215663364954,82.10323388235908,80.13431113106861,2026-07-30T21:00:00-04:00,killzone; swiezy FVG nizdwiedzi; trend down,,
31.07.2026 09:20,2026-07-31T07:20:58.335245+00:00,XAGUSD (srebro),SHORT,Silver Bullet,3,58.35499954223633,58.87482111794608,57.31535639081683,56.79553481510708,56.275713239397334,2026-07-31T03:05:00-04:00,killzone; swiezy FVG nizdwiedzi; trend down,SELL (2/14/10),-0.17080
31.07.2026 09:31,2026-07-31T07:31:19.534535+00:00,HK50 (Hang Seng),LONG,Silver Bullet,3,25867.099609375,25753.03055245536,26095.237723214283,26209.306780133924,26323.375837053565,2026-07-31T15:10:00+08:00,killzone; swiezy FVG byczy; trend up,BUY (13/2/10),-23.94953
31.07.2026 10:18,2026-07-31T08:18:20.791666+00:00,XAUUSD (zloto),SHORT,Silver Bullet,3,4120.7001953125,4147.010480608259,4068.079624720982,4041.769339425223,4015.4590541294638,2026-07-31T04:00:00-04:00,killzone; swiezy FVG nizdwiedzi; trend down,SELL (5/14/7),-57.88010
31.07.2026 10:18,2026-07-31T08:18:22.564758+00:00,XAGUSD (srebro),SHORT,Silver Bullet,3,58.380001068115234,58.8673210144043,57.40536117553711,56.91804122924805,56.430721282958984,2026-07-31T04:00:00-04:00,killzone; swiezy FVG nizdwiedzi; trend down,SELL (2/14/10),-0.19190
31.07.2026 10:18,2026-07-31T08:18:25.556829+00:00,HK50 (Hang Seng),LONG,Silver Bullet,3,25888.830078125,25753.324846540178,26159.840541294645,26295.345772879467,26430.85100446429,2026-07-31T15:55:00+08:00,killzone; swiezy FVG byczy; trend up,BUY (15/3/7),
31.07.2026 10:28,2026-07-31T08:28:46.189179+00:00,BRENT (ropa),SHORT,Silver Bullet,3,87.80000305175781,89.91678592136928,83.56643731253487,81.4496544429234,79.33287157331193,2026-07-31T04:00:00-04:00,killzone; swiezy FVG nizdwiedzi; trend down,,
31.07.2026 10:39,2026-07-31T08:39:08.701534+00:00,HK50 (Hang Seng),LONG,Silver Bullet,3,25889.73046875,25753.922712053572,26161.345982142855,26297.153738839283,26432.96149553571,2026-07-31T16:00:00+08:00,killzone; swiezy FVG byczy; trend up,BUY (15/3/7),
03.08.2026 09:16,2026-08-03T07:16:34.616177+00:00,XAGUSD (srebro),SHORT,Silver Bullet,3,58.209999084472656,58.86535630907331,56.89928463527134,56.243927410670686,55.58857018607003,2026-08-03T03:00:00-04:00,killzone; swiezy FVG nizdwiedzi; trend down,SELL (3/13/10),-0.25180
03.08.2026 09:27,2026-08-03T07:27:14.288146+00:00,HK50 (Hang Seng),LONG,Silver Bullet,3,25985.2890625,25842.12765066964,26271.611886160717,26414.773297991076,26557.934709821435,2026-08-03T15:05:00+08:00,killzone; swiezy FVG byczy; trend up,STRONG_BUY (15/0/10),-16.58039
03.08.2026 09:37,2026-08-03T07:37:35.394944+00:00,XAUUSD (zloto),SHORT,Silver Bullet,3,4111.39990234375,4129.678414481027,4074.8428780691956,4056.5643659319185,4038.2858537946413,2026-08-03T03:20:00-04:00,killzone; swiezy FVG nizdwiedzi; trend down,SELL (3/13/10),-55.61010
03.08.2026 09:37,2026-08-03T07:37:37.363232+00:00,XAGUSD (srebro),SHORT,Silver Bullet,3,58.130001068115234,58.87196322849819,56.646076747349326,55.90411458696637,55.16215242658342,2026-08-03T03:20:00-04:00,killzone; swiezy FVG nizdwiedzi; trend down,SELL (5/11/10),-0.11900
03.08.2026 09:48,2026-08-03T07:48:20.734165+00:00,BRENT (ropa),SHORT,Silver Bullet,3,83.72000122070312,90.45571081978935,70.24858202253068,63.51287242344446,56.77716282435824,2026-08-03T03:30:00-04:00,killzone; swiezy FVG nizdwiedzi; trend down,,
03.08.2026 09:53,2026-08-03T07:53:34.789490+00:00,HK50 (Hang Seng),LONG,Silver Bullet,3,25982.919921875,25841.459402901786,26265.840959821428,26407.30147879464,26548.761997767855,2026-08-03T15:30:00+08:00,killzone; swiezy FVG byczy; trend up,BUY (10/5/10),-24.45906
03.08.2026 09:59,2026-08-03T07:59:09.795513+00:00,XAGUSD (srebro),LONG,Silver Bullet,3,58.314998626708984,57.92946529388428,59.0860652923584,59.471598625183105,59.85713195800781,2026-08-03T03:40:00-04:00,killzone; swiezy FVG byczy; trend up,BUY (14/3/9),-0.08200
03.08.2026 10:10,2026-08-03T08:10:41.496207+00:00,BRENT (ropa),SHORT,Silver Bullet,3,83.37000274658203,90.41571726117816,69.27857371738978,62.23285920279365,55.18714468819752,2026-08-03T03:50:00-04:00,killzone; swiezy FVG nizdwiedzi; trend down,,
03.08.2026 10:21,2026-08-03T08:21:44.354427+00:00,HK50 (Hang Seng),LONG,Silver Bullet,3,25989.26953125,25923.86376953125,26120.0810546875,26185.48681640625,26250.892578125,2026-08-03T16:00:00+08:00,killzone; swiezy FVG byczy; trend up,STRONG_BUY (16/0/9),20.14047
03.08.2026 20:21,2026-08-03T18:21:58.043142+00:00,BRENT (ropa),SHORT,Silver Bullet,3,83.25,84.02392714364188,81.70214571271623,80.92821856907435,80.15429142543246,2026-08-03T14:05:00-04:00,killzone; swiezy FVG nizdwiedzi; trend down,,
04.08.2026 02:20,2026-08-04T00:20:00.813062+00:00,XAUUSD (zloto),LONG,Silver Bullet,3,4115.2998046875,4104.135759626116,4137.627894810268,4148.791939871652,4159.955984933036,2026-08-03T20:00:00-04:00,killzone; swiezy FVG byczy; trend up,BUY (14/3/9),-59.30520
04.08.2026 02:20,2026-08-04T00:20:02.371943+00:00,XAGUSD (srebro),LONG,Silver Bullet,3,58.5,58.26410838535854,58.97178322928292,59.20767484392438,59.44356645856584,2026-08-03T20:00:00-04:00,killzone; swiezy FVG byczy; trend up,BUY (14/3/9),-0.35780
04.08.2026 03:16,2026-08-04T01:16:56.999851+00:00,XAUUSD (zloto),SHORT,Silver Bullet,3,4102.2001953125,4127.453648158482,4051.6932896205362,4026.4398367745544,4001.1863839285725,2026-08-03T21:00:00-04:00,killzone; swiezy FVG nizdwiedzi; trend down,SELL (5/12/9),-50.94020
04.08.2026 09:16,2026-08-04T07:16:18.665555+00:00,BRENT (ropa),SHORT,Silver Bullet,3,84.45999908447266,85.08392824445453,83.21214076450892,82.58821160452705,81.96428244454518,2026-08-04T03:00:00-04:00,killzone; swiezy FVG nizdwiedzi; trend down,,
04.08.2026 09:21,2026-08-04T07:21:27.844320+00:00,XAUUSD (zloto),LONG,Silver Bullet,3,4120.39990234375,4109.796334402902,4141.607038225446,4152.2106061662935,4162.814174107141,2026-08-04T03:05:00-04:00,killzone; swiezy FVG byczy; trend up,STRONG_BUY (16/0/10),-55.81990
04.08.2026 09:21,2026-08-04T07:21:29.611103+00:00,XAGUSD (srebro),LONG,Silver Bullet,3,59.23500061035156,58.97196510859898,59.76107161385673,60.02410711560931,60.287142617361894,2026-08-04T03:05:00-04:00,killzone; swiezy FVG byczy; trend up,STRONG_BUY (16/0/10),-0.24900
04.08.2026 09:31,2026-08-04T07:31:55.200364+00:00,HK50 (Hang Seng),LONG,Silver Bullet,3,25868.19921875,25756.420549665178,26091.756556919645,26203.535226004467,26315.31389508929,2026-08-04T15:10:00+08:00,killzone; swiezy FVG byczy; trend up,BUY (11/4/10),-21.88000
04.08.2026 09:42,2026-08-04T07:42:14.985169+00:00,XAGUSD (srebro),LONG,Silver Bullet,3,59.244998931884766,58.9773223059518,59.78035218375069,60.04802880968366,60.31570543561662,2026-08-04T03:25:00-04:00,killzone; swiezy FVG byczy; trend up,BUY (10/7/9),-0.31610
05.08.2026 02:36,2026-08-05T00:36:20.915278+00:00,XAUUSD (zloto),LONG,Silver Bullet,3,4132.89990234375,4120.146466936384,4158.406773158482,4171.160208565848,4183.913643973214,2026-08-04T20:20:00-04:00,killzone; swiezy FVG byczy; trend up,BUY (13/4/9),-52.06000
05.08.2026 02:36,2026-08-05T00:36:22.826119+00:00,XAGUSD (srebro),LONG,Silver Bullet,3,59.79999923706055,59.592320033482146,60.21535764421735,60.42303684779575,60.63071605137415,2026-08-04T20:20:00-04:00,killzone; swiezy FVG byczy; trend up,BUY (14/5/7),-0.13480
05.08.2026 02:57,2026-08-05T00:57:11.147051+00:00,XAUUSD (zloto),LONG,Silver Bullet,3,4136.60009765625,4120.292881556919,4169.214529854911,4185.521745954242,4201.8289620535725,2026-08-04T20:35:00-04:00,killzone; swiezy FVG byczy; trend up,BUY (15/3/8),-51.60020
05.08.2026 02:57,2026-08-05T00:57:12.987680+00:00,XAGUSD (srebro),LONG,Silver Bullet,3,59.8650016784668,59.58982031685965,60.41536440168109,60.690545763288235,60.96572712489538,2026-08-04T20:35:00-04:00,killzone; swiezy FVG byczy; trend up,STRONG_BUY (16/2/8),-0.14880
05.08.2026 03:17,2026-08-05T01:17:58.573874+00:00,XAUUSD (zloto),LONG,Silver Bullet,3,4138.2001953125,4120.225062779018,4174.150460379464,4192.125592912946,4210.1007254464275,2026-08-04T20:55:00-04:00,killzone; swiezy FVG byczy; trend up,STRONG_BUY (16/0/10),-51.02000
05.08.2026 03:18,2026-08-05T01:18:00.461526+00:00,XAGUSD (srebro),LONG,Silver Bullet,3,59.939998626708984,59.604284967694966,60.61142594473702,60.94713960375104,61.28285326276506,2026-08-04T20:55:00-04:00,killzone; swiezy FVG byczy; trend up,BUY (14/2/10),-0.27600
05.08.2026 09:58,2026-08-05T07:58:21.303222+00:00,XAGUSD (srebro),LONG,Silver Bullet,3,61.974998474121094,60.869819913591655,64.18535559517997,65.29053415570941,66.39571271623885,2026-08-05T03:40:00-04:00,killzone; swiezy FVG byczy; trend up,STRONG_BUY (16/1/9),-0.19440
05.08.2026 10:24,2026-08-05T08:24:15.966529+00:00,HK50 (Hang Seng),LONG,Silver Bullet,3,25907.169921875,25791.966727120536,26137.576311383928,26252.77950613839,26367.982700892855,2026-08-05T16:00:00+08:00,killzone; swiezy FVG byczy; trend up,BUY (11/4/10),
05.08.2026 20:22,2026-08-05T18:22:10.359504+00:00,XAUUSD (zloto),LONG,Silver Bullet,3,4316.2998046875,4293.932373046875,4361.03466796875,4383.402099609375,4405.76953125,2026-08-05T14:05:00-04:00,killzone; swiezy FVG byczy; trend up,BUY (15/3/8),-57.01990
05.08.2026 20:42,2026-08-05T18:42:57.535529+00:00,XAUUSD (zloto),LONG,Silver Bullet,3,4323.7998046875,4293.653791155134,4384.091831752232,4414.237845284598,4444.383858816964,2026-08-05T14:25:00-04:00,killzone; swiezy FVG byczy; trend up,STRONG_BUY (15/1/10),-61.07480
05.08.2026 20:42,2026-08-05T18:42:59.421715+00:00,XAGUSD (srebro),LONG,Silver Bullet,3,62.53499984741211,62.274286133902415,63.0564272744315,63.317140987941194,63.57785470145089,2026-08-05T14:25:00-04:00,killzone; swiezy FVG byczy; trend up,BUY (15/1/10),-0.23950
05.08.2026 21:03,2026-08-05T19:03:48.736575+00:00,BRENT (ropa),SHORT,Silver Bullet,3,79.38999938964844,79.91892514910016,78.33214787074499,77.80322211129327,77.27429635184154,2026-08-05T14:45:00-04:00,killzone; swiezy FVG nizdwiedzi; trend down,,
06.08.2026 02:32,2026-08-06T00:32:18.080729+00:00,BRENT (ropa),SHORT,Silver Bullet,3,79.11000061035156,79.5846437726702,78.16071428571428,77.68607112339564,77.21142796107699,2026-08-05T20:15:00-04:00,killzone; swiezy FVG nizdwiedzi; trend down,,
06.08.2026 02:37,2026-08-06T00:37:27.384429+00:00,XAUUSD (zloto),LONG,Silver Bullet,3,4342.0,4299.603585379465,4426.792829241071,4469.189243861606,4511.585658482141,2026-08-05T20:20:00-04:00,killzone; swiezy FVG byczy; trend up,STRONG_BUY (16/1/9),-55.20980
06.08.2026 02:58,2026-08-06T00:58:19.248412+00:00,BRENT (ropa),SHORT,Silver Bullet,3,79.33999633789062,79.59678622654506,78.82641656058175,78.56962667192731,78.31283678327287,2026-08-05T20:40:00-04:00,killzone; swiezy FVG nizdwiedzi; trend down,,
06.08.2026 03:08,2026-08-06T01:08:40.918447+00:00,XAGUSD (srebro),LONG,Silver Bullet,3,62.790000915527344,62.18517998286656,63.999642780848916,64.6044637135097,65.20928464617049,2026-08-05T20:50:00-04:00,killzone; swiezy FVG byczy; trend up,BUY (14/3/9),-0.03400
06.08.2026 03:19,2026-08-06T01:19:04.658755+00:00,BRENT (ropa),SHORT,Silver Bullet,3,79.2699966430664,79.49500165666852,78.81998661586218,78.59498160226006,78.36997658865795,2026-08-05T20:55:00-04:00,killzone; swiezy FVG nizdwiedzi; trend down,,
07.08.2026 02:34,2026-08-07T00:34:11.128720+00:00,BRENT (ropa),LONG,Silver Bullet,3,83.48999786376953,79.07249941144671,92.32499476841517,96.74249322073798,101.1599916730608,2026-08-06T20:10:00-04:00,killzone; swiezy FVG byczy; trend up,,
10.08.2026 02:21,2026-08-10T00:21:54.796712+00:00,XAGUSD (srebro),LONG,Silver Bullet,3,64.05999755859375,63.72232110159738,64.73535047258649,65.07302692958285,65.41070338657923,2026-08-09T20:05:00-04:00,killzone; swiezy FVG byczy; trend up,BUY (15/1/10),-0.20100
10.08.2026 02:32,2026-08-10T00:32:21.079618+00:00,BRENT (ropa),LONG,Silver Bullet,3,84.41000366210938,84.12678446088519,84.97644206455774,85.25966126578193,85.54288046700611,2026-08-09T20:15:00-04:00,killzone; swiezy FVG byczy; trend up,,
10.08.2026 20:25,2026-08-10T18:25:15.134006+00:00,XAUUSD (zloto),LONG,Silver Bullet,3,4422.7998046875,4406.914358956473,4454.570696149554,4470.4561418805815,4486.341587611609,2026-08-10T14:05:00-04:00,killzone; swiezy FVG byczy; trend up,BUY (14/2/10),-57.80490
10.08.2026 20:30,2026-08-10T18:30:28.489262+00:00,BRENT (ropa),LONG,Silver Bullet,3,87.83999633789062,86.30571147373745,90.90856606619698,92.44285093035016,93.97713579450334,2026-08-10T14:15:00-04:00,killzone; swiezy FVG byczy; trend up,,
10.08.2026 20:45,2026-08-10T18:45:59.107035+00:00,XAUUSD (zloto),LONG,Silver Bullet,3,4438.7998046875,4414.642926897322,4487.113560267857,4511.270438058035,4535.427315848214,2026-08-10T14:30:00-04:00,killzone; swiezy FVG byczy; trend up,BUY (14/6/6),-60.11010
10.08.2026 20:46,2026-08-10T18:46:00.906699+00:00,XAGUSD (srebro),LONG,Silver Bullet,3,65.62000274658203,64.90981701442173,67.04037421090263,67.75055994306292,68.46074567522322,2026-08-10T14:30:00-04:00,killzone; swiezy FVG byczy; trend up,BUY (14/4/8),-0.11200
11.08.2026 02:24,2026-08-11T00:24:36.925566+00:00,XAUUSD (zloto),LONG,Silver Bullet,3,4465.60009765625,4452.257080078125,4492.2861328125,4505.629150390625,4518.97216796875,2026-08-10T20:05:00-04:00,killzone; swiezy FVG byczy; trend up,STRONG_BUY (17/0/9),-53.34520
11.08.2026 02:24,2026-08-11T00:24:38.629979+00:00,XAGUSD (srebro),LONG,Silver Bullet,3,66.16000366210938,65.84749712262835,66.78501674107142,67.09752328055244,67.41002982003346,2026-08-10T20:05:00-04:00,killzone; swiezy FVG byczy; trend up,STRONG_BUY (17/1/8),-0.06900
11.08.2026 02:24,2026-08-11T00:24:40.291298+00:00,BRENT (ropa),LONG,Silver Bullet,3,87.83000183105469,87.49607004438128,88.4978654044015,88.8317971910749,89.1657289777483,2026-08-10T20:05:00-04:00,killzone; swiezy FVG byczy; trend up,,
11.08.2026 02:45,2026-08-11T00:45:24.116883+00:00,XAUUSD (zloto),LONG,Silver Bullet,3,4473.5,4452.124912806919,4516.250174386161,4537.625261579242,4559.0003487723225,2026-08-10T20:25:00-04:00,killzone; swiezy FVG byczy; trend up,BUY (15/3/8),-57.11990
11.08.2026 02:55,2026-08-11T00:55:48.912906+00:00,BRENT (ropa),LONG,Silver Bullet,3,87.80000305175781,87.48821258544922,88.423583984375,88.7353744506836,89.04716491699219,2026-08-10T20:30:00-04:00,killzone; swiezy FVG byczy; trend up,,
11.08.2026 20:23,2026-08-11T18:23:04.127437+00:00,XAGUSD (srebro),SHORT,Silver Bullet,3,64.74500274658203,65.33535575866699,63.56429672241211,62.97394371032715,62.38359069824219,2026-08-11T14:00:00-04:00,killzone; swiezy FVG nizdwiedzi; trend down,STRONG_SELL (1/15/10),-0.12300
12.08.2026 02:22,2026-08-12T00:22:22.000877+00:00,BRENT (ropa),LONG,Silver Bullet,3,89.3499984741211,88.85821533203125,90.33356475830078,90.82534790039062,91.31713104248047,2026-08-11T20:05:00-04:00,killzone; swiezy FVG byczy; trend up,,
12.08.2026 02:32,2026-08-12T00:32:41.136136+00:00,XAUUSD (zloto),LONG,Silver Bullet,3,4439.2001953125,4419.299944196428,4479.000697544643,4498.900948660715,4518.801199776786,2026-08-11T20:15:00-04:00,killzone; swiezy FVG byczy; trend up,BUY (16/3/7),-56.81990
12.08.2026 02:32,2026-08-12T00:32:42.652689+00:00,XAGUSD (srebro),LONG,Silver Bullet,3,65.05999755859375,64.85071155003139,65.47856957571847,65.68785558428083,65.89714159284318,2026-08-11T20:15:00-04:00,killzone; swiezy FVG byczy; trend up,STRONG_BUY (16/1/9),-0.08800
12.08.2026 02:43,2026-08-12T00:43:06.650428+00:00,BRENT (ropa),LONG,Silver Bullet,3,89.41999816894531,89.05249568394252,90.15500313895089,90.52250562395368,90.89000810895647,2026-08-11T20:25:00-04:00,killzone; swiezy FVG byczy; trend up,,
12.08.2026 03:03,2026-08-12T01:03:49.416444+00:00,BRENT (ropa),LONG,Silver Bullet,3,89.5,89.0457101549421,90.4085796901158,90.8628695351737,91.3171593802316,2026-08-11T20:45:00-04:00,killzone; swiezy FVG byczy; trend up,,
12.08.2026 20:35,2026-08-12T18:35:52.025767+00:00,XAUUSD (zloto),LONG,Silver Bullet,3,4470.7001953125,4453.785574776785,4504.529436383929,4521.444056919644,4538.358677455359,2026-08-12T14:20:00-04:00,killzone; swiezy FVG byczy; trend up,BUY (11/5/10),-57.22480
12.08.2026 20:46,2026-08-12T18:46:18.826002+00:00,BRENT (ropa),LONG,Silver Bullet,3,89.04000091552734,88.49464525495257,90.13071223667689,90.67606789725166,91.22142355782643,2026-08-12T14:30:00-04:00,killzone; swiezy FVG byczy; trend up,,
12.08.2026 21:01,2026-08-12T19:01:51.205288+00:00,XAUUSD (zloto),LONG,Silver Bullet,3,4477.39990234375,4454.057111467634,4524.085484095982,4547.428274972098,4570.771065848214,2026-08-12T14:45:00-04:00,killzone; swiezy FVG byczy; trend up,BUY (15/1/10),-59.44010
13.08.2026 02:19,2026-08-13T00:19:21.322215+00:00,XAUUSD (zloto),LONG,Silver Bullet,3,4475.39990234375,4455.199968610491,4515.799769810268,4535.999703543527,4556.199637276786,2026-08-12T20:00:00-04:00,killzone; swiezy FVG byczy; trend up,STRONG_BUY (16/1/9),-53.71990
13.08.2026 02:24,2026-08-13T00:24:33.345364+00:00,XAGUSD (srebro),LONG,Silver Bullet,3,65.73500061035156,65.18839345659528,66.82821491786413,67.37482207162041,67.9214292253767,2026-08-12T20:05:00-04:00,killzone; swiezy FVG byczy; trend up,STRONG_BUY (17/1/8),0.27650
13.08.2026 02:24,2026-08-13T00:24:34.827915+00:00,BRENT (ropa),SHORT,Silver Bullet,3,88.31999969482422,88.69214221409389,87.57571465628487,87.2035721370152,86.83142961774553,2026-08-12T20:05:00-04:00,killzone; swiezy FVG nizdwiedzi; trend down,,
13.08.2026 02:40,2026-08-13T00:40:05.010899+00:00,XAUUSD (zloto),LONG,Silver Bullet,3,4493.2998046875,4454.421404157366,4571.056605747768,4609.935006277902,4648.813406808036,2026-08-12T20:20:00-04:00,killzone; swiezy FVG byczy; trend up,BUY (14/4/8),-48.10990
13.08.2026 02:50,2026-08-13T00:50:28.354428+00:00,BRENT (ropa),SHORT,Silver Bullet,3,88.0999984741211,88.62999943324498,87.03999655587333,86.50999559674945,85.97999463762557,2026-08-12T20:35:00-04:00,killzone; swiezy FVG nizdwiedzi; trend down,,
13.08.2026 03:11,2026-08-13T01:11:27.164246+00:00,BRENT (ropa),SHORT,Silver Bullet,3,88.04000091552734,88.62892777579171,86.86214719499861,86.27322033473425,85.68429347446988,2026-08-12T20:50:00-04:00,killzone; swiezy FVG nizdwiedzi; trend down,,
13.08.2026 20:17,2026-08-13T18:17:15.871318+00:00,BRENT (ropa),SHORT,Silver Bullet,3,87.1500015258789,87.97535841805595,85.49928774152482,84.67393084934778,83.84857395717074,2026-08-13T14:00:00-04:00,killzone; swiezy FVG nizdwiedzi; trend down,,
13.08.2026 20:43,2026-08-13T18:43:08.821127+00:00,XAUUSD (zloto),SHORT,Silver Bullet,3,4414.2998046875,4432.65007672991,4377.599260602679,4359.248988560269,4340.898716517859,2026-08-13T14:25:00-04:00,killzone; swiezy FVG nizdwiedzi; trend down,SELL (3/14/9),-55.69500
13.08.2026 20:43,2026-08-13T18:43:10.751479+00:00,XAGUSD (srebro),SHORT,Silver Bullet,3,64.83999633789062,65.18660409109933,64.14678083147322,63.80017307826452,63.45356532505582,2026-08-13T14:25:00-04:00,killzone; swiezy FVG nizdwiedzi; trend down,STRONG_SELL (0/17/9),-0.23370
13.08.2026 20:48,2026-08-13T18:48:26.207000+00:00,BRENT (ropa),SHORT,Silver Bullet,3,86.97000122070312,87.99678666251046,84.91643033708846,83.88964489528112,82.86285945347379,2026-08-13T14:30:00-04:00,killzone; swiezy FVG nizdwiedzi; trend down,,
13.08.2026 21:03,2026-08-13T19:03:59.082295+00:00,XAGUSD (srebro),SHORT,Silver Bullet,3,64.80500030517578,65.04839542933873,64.31821005684989,64.07481493268695,63.831419808524004,2026-08-13T14:45:00-04:00,killzone; swiezy FVG nizdwiedzi; trend down,SELL (3/15/8),-0.13140
14.08.2026 02:31,2026-08-14T00:31:37.977150+00:00,XAUUSD (zloto),SHORT,Silver Bullet,3,4404.89990234375,4421.6356201171875,4371.428466796875,4354.6927490234375,4337.95703125,2026-08-13T20:15:00-04:00,killzone; swiezy FVG nizdwiedzi; trend down,SELL (4/14/8),-64.87010
14.08.2026 02:42,2026-08-14T00:42:03.797029+00:00,XAGUSD (srebro),SHORT,Silver Bullet,3,64.5,64.92660440717425,63.646791185651495,63.22018677847724,62.79358237130299,2026-08-13T20:25:00-04:00,killzone; swiezy FVG nizdwiedzi; trend down,SELL (1/15/10),-0.27500
14.08.2026 02:47,2026-08-14T00:47:16.446740+00:00,BRENT (ropa),SHORT,Liquidity Sweep,3,87.0199966430664,87.17749949863979,86.70499093191964,86.54748807634626,86.38998522077287,2026-08-13T20:25:00-04:00,zebrano plynnosc (gora); odrzucenie,,
14.08.2026 03:02,2026-08-14T01:02:48.021382+00:00,XAGUSD (srebro),SHORT,Silver Bullet,3,64.43499755859375,64.93338966369629,63.43821334838867,62.93982124328613,62.441429138183594,2026-08-13T20:40:00-04:00,killzone; swiezy FVG nizdwiedzi; trend down,STRONG_SELL (0/16/10),-0.31600
14.08.2026 03:08,2026-08-14T01:08:01.036410+00:00,BRENT (ropa),SHORT,Silver Bullet,3,86.91999816894531,87.2689323425293,86.22212982177734,85.87319564819336,85.52426147460938,2026-08-13T20:50:00-04:00,killzone; swiezy FVG nizdwiedzi; trend down,,
14.08.2026 20:50,2026-08-14T18:50:15.013735+00:00,BRENT (ropa),LONG,Silver Bullet,3,88.66000366210938,88.09250368390765,89.79500361851282,90.36250359671455,90.93000357491627,2026-08-14T14:35:00-04:00,killzone; swiezy FVG byczy; trend up,,
14.08.2026 21:16,2026-08-14T19:16:09.270259+00:00,XAGUSD (srebro),SHORT,Silver Bullet,3,64.84500122070312,65.20160838535854,64.1317868913923,63.77517972673688,63.418572562081465,2026-08-14T15:00:00-04:00,killzone; swiezy FVG nizdwiedzi; trend down,SELL (6/11/9),-0.11000
17.08.2026 02:24,2026-08-17T00:24:52.124838+00:00,XAGUSD (srebro),LONG,Silver Bullet,3,65.05999755859375,64.74053927830288,65.6989141191755,66.01837239946637,66.33783067975725,2026-08-16T20:05:00-04:00,killzone; swiezy FVG byczy; trend up,STRONG_BUY (16/1/9),0.04320
17.08.2026 02:30,2026-08-17T00:30:43.044236+00:00,XAUUSD (zloto),LONG,Silver Bullet,3,4439.89990234375,4419.9461669921875,4479.807373046875,4499.7611083984375,4519.71484375,2026-08-16T20:15:00-04:00,killzone; swiezy FVG byczy; trend up,BUY (15/2/9),-53.60500
17.08.2026 02:46,2026-08-17T00:46:22.148204+00:00,XAGUSD (srebro),LONG,Silver Bullet,3,65.33000183105469,64.85911069597516,66.27178410121374,66.74267523629327,67.21356637137279,2026-08-16T20:20:00-04:00,killzone; swiezy FVG byczy; trend up,BUY (15/3/8),-0.08500
17.08.2026 02:51,2026-08-17T00:51:33.718609+00:00,XAUUSD (zloto),LONG,Silver Bullet,3,4445.2001953125,4419.892595563616,4495.815394810268,4521.122994559152,4546.430594308036,2026-08-16T20:35:00-04:00,killzone; swiezy FVG byczy; trend up,BUY (14/3/9),-48.81500
17.08.2026 03:07,2026-08-17T01:07:13.701464+00:00,XAGUSD (srebro),LONG,Silver Bullet,3,65.48999786376953,64.85143225533622,66.76712908063615,67.40569468906946,68.04426029750277,2026-08-16T20:45:00-04:00,killzone; swiezy FVG byczy; trend up,STRONG_BUY (16/2/8),0.38140
17.08.2026 03:12,2026-08-17T01:12:40.039499+00:00,XAUUSD (zloto),LONG,Silver Bullet,3,4457.2998046875,4419.689069475447,4532.521275111607,4570.13201032366,4607.742745535714,2026-08-16T20:55:00-04:00,killzone; swiezy FVG byczy; trend up,BUY (14/6/6),-54.89020
18.08.2026 02:37,2026-08-18T00:37:51.852445+00:00,XAUUSD (zloto),LONG,Silver Bullet,3,4484.2001953125,4463.807111467634,4524.986363002232,4545.379446847098,4565.772530691964,2026-08-17T20:20:00-04:00,killzone; swiezy FVG byczy; trend up,BUY (14/5/7),-55.36520
18.08.2026 02:37,2026-08-18T00:37:53.414276+00:00,XAGUSD (srebro),LONG,Silver Bullet,3,66.41000366210938,65.71928542000907,67.79144014630998,68.48215838841028,69.17287663051059,2026-08-17T20:20:00-04:00,killzone; swiezy FVG byczy; trend up,BUY (14/7/5),-0.13850
18.08.2026 20:20,2026-08-18T18:20:27.382991+00:00,XAUUSD (zloto),SHORT,Silver Bullet,3,4411.0,4425.639090401785,4381.721819196429,4367.082728794644,4352.443638392859,2026-08-18T14:05:00-04:00,killzone; swiezy FVG nizdwiedzi; trend down,SELL (5/11/10),-51.83480
18.08.2026 21:02,2026-08-18T19:02:39.144051+00:00,XAUUSD (zloto),SHORT,Silver Bullet,3,4409.0,4425.710553850447,4375.578892299107,4358.86833844866,4342.157784598214,2026-08-18T14:45:00-04:00,killzone; swiezy FVG nizdwiedzi; trend down,SELL (4/12/10),-52.45490
18.08.2026 21:02,2026-08-18T19:02:40.856734+00:00,XAGUSD (srebro),SHORT,Silver Bullet,3,63.880001068115234,64.14786052703857,63.344282150268555,63.076422691345215,62.808563232421875,2026-08-18T14:45:00-04:00,killzone; swiezy FVG nizdwiedzi; trend down,SELL (5/11/10),-0.07000
19.08.2026 02:40,2026-08-19T00:40:39.076060+00:00,XAGUSD (srebro),SHORT,Silver Bullet,3,63.11000061035156,63.427500452314106,62.475000926426475,62.15750108446393,61.84000124250139,2026-08-18T20:25:00-04:00,killzone; swiezy FVG nizdwiedzi; trend down,SELL (5/13/8),-0.14470
19.08.2026 20:59,2026-08-19T18:59:13.965008+00:00,XAGUSD (srebro),LONG,Silver Bullet,3,66.03500366210938,65.63928495134626,66.82644108363561,67.22215979439873,67.61787850516185,2026-08-19T14:40:00-04:00,killzone; swiezy FVG byczy; trend up,STRONG_BUY (16/2/8),0.06600
19.08.2026 21:14,2026-08-19T19:14:47.008570+00:00,XAUUSD (zloto),LONG,Silver Bullet,3,4553.2998046875,4527.33203125,4605.2353515625,4631.203125,4657.1708984375,2026-08-19T14:55:00-04:00,killzone; swiezy FVG byczy; trend up,BUY (15/3/8),-51.32520
20.08.2026 20:45,2026-08-20T18:45:12.362327+00:00,XAUUSD (zloto),LONG,Silver Bullet,3,4575.7998046875,4556.88232421875,4613.634765625,4632.55224609375,4651.4697265625,2026-08-20T14:30:00-04:00,killzone; swiezy FVG byczy; trend up,BUY (14/2/10),-55.30000
21.08.2026 20:22,2026-08-21T18:22:45.567627+00:00,XAUUSD (zloto),LONG,Silver Bullet,3,4684.0,4670.682059151785,4710.635881696429,4723.953822544644,4737.271763392859,2026-08-21T14:05:00-04:00,killzone; swiezy FVG byczy; trend up,BUY (14/2/10),-56.14500
21.08.2026 20:22,2026-08-21T18:22:47.229100+00:00,XAGUSD (srebro),LONG,Silver Bullet,3,69.65499877929688,69.37268175397601,70.2196328299386,70.50194985525947,70.78426688058033,2026-08-21T14:05:00-04:00,killzone; swiezy FVG byczy; trend up,BUY (15/1/10),
24.08.2026 02:23,2026-08-24T00:23:57.654920+00:00,XAUUSD (zloto),LONG,Silver Bullet,3,4691.7998046875,4659.196323939732,4757.006766183036,4789.610246930804,4822.2137276785725,2026-08-23T20:05:00-04:00,killzone; swiezy FVG byczy; trend up,BUY (11/5/10),-74.96020
24.08.2026 03:05,2026-08-24T01:05:25.745143+00:00,XAUUSD (zloto),LONG,Silver Bullet,3,4674.0,4647.128365652902,4727.743268694196,4754.6149030412935,4781.486537388391,2026-08-23T20:50:00-04:00,killzone; swiezy FVG byczy; trend up,BUY (15/1/10),-52.45520
24.08.2026 20:52,2026-08-24T18:52:10.595018+00:00,XAGUSD (srebro),SHORT,Silver Bullet,3,68.44999694824219,68.9914300101144,67.36713082449776,66.82569776262555,66.28426470075334,2026-08-24T14:35:00-04:00,killzone; swiezy FVG nizdwiedzi; trend down,SELL (2/14/10),-0.05100
